1.35234e-13,1.80714e-13,1.50205e-13,1.47480e-13,1.47480e-13,2.46822e-06,2.71118e-06,2.12771e-06,2.62284e-06,2.12772e-06,2.12772e-06,1.88587e-06,2.46822e-06,1.97622e-06,2.52386e-06,2.36456e-06,2.31578e-06,2.98072e-06,2.10863e-06,2.41254e-06,1.74923e-13,1.52144e-13,1.67297e-13,1.32402e-13
1.40560e-13,1.83116e-13,1.54533e-13,1.52033e-13,1.52033e-13,2.54062e-06,2.76724e-06,2.22006e-06,2.68392e-06,2.22006e-06,2.22006e-06,1.99448e-06,2.54062e-06,2.08170e-06,2.59635e-06,2.44874e-06,2.40409e-06,3.02658e-06,2.21002e-06,2.49266e-06,1.77689e-13,1.56429e-13,1.70572e-13,1.37960e-13
1.45886e-13,1.85517e-13,1.58861e-13,1.56586e-13,1.56586e-13,2.61302e-06,2.82330e-06,2.31241e-06,2.74499e-06,2.31241e-06,2.31241e-06,2.10308e-06,2.61301e-06,2.18718e-06,2.66885e-06,2.53292e-06,2.49239e-06,3.07244e-06,2.31141e-06,2.57277e-06,1.80456e-13,1.60714e-13,1.73847e-13,1.43518e-13
1.51212e-13,1.87918e-13,1.63189e-13,1.61138e-13,1.61138e-13,2.68541e-06,2.87936e-06,2.40475e-06,2.80607e-06,2.40476e-06,2.40476e-06,2.21169e-06,2.68541e-06,2.29265e-06,2.74134e-06,2.61710e-06,2.58070e-06,3.11831e-06,2.41279e-06,2.65289e-06,1.83222e-13,1.64999e-13,1.77121e-13,1.49076e-13
1.56538e-13,1.90319e-13,1.67517e-13,1.65691e-13,1.65691e-13,2.75781e-06,2.93542e-06,2.49710e-06,2.86715e-06,2.49710e-06,2.49710e-06,2.32030e-06,2.75781e-06,2.39813e-06,2.81384e-06,2.70128e-06,2.66900e-06,3.16417e-06,2.51418e-06,2.73301e-06,1.85989e-13,1.69284e-13,1.80396e-13,1.54634e-13
1.61864e-13,1.92720e-13,1.71845e-13,1.70244e-13,1.70244e-13,2.83021e-06,2.99148e-06,2.58945e-06,2.92822e-06,2.58945e-06,2.58945e-06,2.42891e-06,2.83021e-06,2.50361e-06,2.88633e-06,2.78546e-06,2.75731e-06,3.21003e-06,2.61557e-06,2.81312e-06,1.88755e-13,1.73569e-13,1.83671e-13,1.60192e-13
1.67191e-13,1.95121e-13,1.76174e-13,1.74797e-13,1.74797e-13,2.90260e-06,3.04754e-06,2.68179e-06,2.98930e-06,2.68180e-06,2.68180e-06,2.53751e-06,2.90260e-06,2.60908e-06,2.95882e-06,2.86964e-06,2.84561e-06,3.25590e-06,2.71696e-06,2.89324e-06,1.91521e-13,1.77854e-13,1.86946e-13,1.65750e-13
1.72517e-13,1.97523e-13,1.80502e-13,1.79349e-13,1.79349e-13,2.97500e-06,3.10360e-06,2.77414e-06,3.05037e-06,2.77414e-06,2.77414e-06,2.64612e-06,2.97500e-06,2.71456e-06,3.03132e-06,2.95382e-06,2.93392e-06,3.30176e-06,2.81835e-06,2.97335e-06,1.94288e-13,1.82139e-13,1.90221e-13,1.71308e-13
1.77843e-13,1.99924e-13,1.84830e-13,1.83902e-13,1.83902e-13,3.04740e-06,3.15966e-06,2.86649e-06,3.11145e-06,2.86649e-06,2.86649e-06,2.75473e-06,3.04740e-06,2.82004e-06,3.10381e-06,3.03801e-06,3.02222e-06,3.34762e-06,2.91974e-06,3.05347e-06,1.97054e-13,1.86424e-13,1.93496e-13,1.76865e-13
1.83169e-13,2.02325e-13,1.89158e-13,1.88455e-13,1.88455e-13,3.11979e-06,3.21572e-06,2.95884e-06,3.17252e-06,2.95884e-06,2.95884e-06,2.86333e-06,3.11980e-06,2.92552e-06,3.17631e-06,3.12219e-06,3.11053e-06,3.39349e-06,3.02113e-06,3.13358e-06,1.99821e-13,1.90709e-13,1.96770e-13,1.82423e-13
1.88495e-13,2.04726e-13,1.93486e-13,1.93007e-13,1.93007e-13,3.19219e-06,3.27178e-06,3.05118e-06,3.23360e-06,3.05118e-06,3.05119e-06,2.97194e-06,3.19219e-06,3.03099e-06,3.24880e-06,3.20637e-06,3.19883e-06,3.43935e-06,3.12251e-06,3.21370e-06,2.02587e-13,1.94994e-13,2.00045e-13,1.87981e-13
1.93822e-13,2.07127e-13,1.97814e-13,1.97560e-13,1.97560e-13,3.26459e-06,3.32784e-06,3.14353e-06,3.29468e-06,3.14353e-06,3.14353e-06,3.08055e-06,3.26459e-06,3.13647e-06,3.32129e-06,3.29055e-06,3.28714e-06,3.48521e-06,3.22390e-06,3.29381e-06,2.05353e-13,1.99279e-13,2.03320e-13,1.93539e-13
1.99148e-13,2.09529e-13,2.02142e-13,2.02113e-13,2.02113e-13,3.33698e-06,3.38390e-06,3.23588e-06,3.35575e-06,3.23588e-06,3.23588e-06,3.18916e-06,3.33699e-06,3.24195e-06,3.39379e-06,3.37473e-06,3.37544e-06,3.53108e-06,3.32529e-06,3.37393e-06,2.08120e-13,2.03564e-13,2.06595e-13,1.99097e-13
2.04474e-13,2.11930e-13,2.06470e-13,2.06666e-13,2.06666e-13,3.40938e-06,3.43996e-06,3.32822e-06,3.41683e-06,3.32823e-06,3.32823e-06,3.29776e-06,3.40938e-06,3.34742e-06,3.46628e-06,3.45891e-06,3.46375e-06,3.57694e-06,3.42668e-06,3.45404e-06,2.10886e-13,2.07849e-13,2.09870e-13,2.04655e-13
2.09800e-13,2.14331e-13,2.10798e-13,2.11218e-13,2.11218e-13,3.48178e-06,3.49602e-06,3.42057e-06,3.47790e-06,3.42057e-06,3.42057e-06,3.40637e-06,3.48178e-06,3.45290e-06,3.53878e-06,3.54309e-06,3.55206e-06,3.62280e-06,3.52807e-06,3.53416e-06,2.13653e-13,2.12134e-13,2.13144e-13,2.10213e-13
2.15126e-13,2.16732e-13,2.15126e-13,2.15771e-13,2.15771e-13,3.55417e-06,3.55208e-06,3.51292e-06,3.53898e-06,3.51292e-06,3.51292e-06,3.51498e-06,3.55418e-06,3.55838e-06,3.61127e-06,3.62727e-06,3.64036e-06,3.66867e-06,3.62946e-06,3.61427e-06,2.16419e-13,2.16419e-13,2.16419e-13,2.15771e-13
2.20410e-13,2.19690e-13,2.19690e-13,2.20355e-13,2.20355e-13,3.82892e-06,3.81182e-06,3.80042e-06,3.80085e-06,3.80063e-06,3.80020e-06,3.81718e-06,3.83350e-06,3.86796e-06,3.90253e-06,3.93214e-06,3.95503e-06,3.94866e-06,3.95479e-06,3.91809e-06,2.19687e-13,2.20754e-13,2.19969e-13,2.21027e-13
2.24612e-13,2.24446e-13,2.24727e-13,2.24305e-13,2.24445e-13,5.23652e-06,5.22508e-06,5.19732e-06,5.18312e-06,5.18178e-06,5.19527e-06,5.24027e-06,5.27997e-06,5.35494e-06,5.44574e-06,5.50320e-06,5.56497e-06,5.58032e-06,5.56179e-06,5.51424e-06,2.24907e-13,2.24919e-13,2.24292e-13,2.24883e-13
2.28200e-13,2.28190e-13,2.28187e-13,2.27212e-13,2.27898e-13,7.15608e-06,7.12076e-06,7.06891e-06,7.05516e-06,7.05274e-06,7.10268e-06,7.21152e-06,7.30004e-06,7.42255e-06,7.59402e-06,7.75609e-06,7.87615e-06,7.88510e-06,7.86515e-06,7.80272e-06,2.29000e-13,2.28247e-13,2.27657e-13,2.28933e-13
2.31837e-13,2.30933e-13,2.30825e-13,2.31592e-13,2.31281e-13,9.75566e-06,9.75472e-06,9.65544e-06,9.65983e-06,9.65173e-06,9.74660e-06,9.94372e-06,1.01434e-05,1.03457e-05,1.06190e-05,1.09005e-05,1.11024e-05,1.11797e-05,1.11748e-05,1.10747e-05,2.32505e-13,2.32061e-13,2.32027e-13,2.32169e-13
2.35503e-13,2.35270e-13,2.35533e-13,2.35187e-13,2.34848e-13,1.34323e-05,1.33149e-05,1.32114e-05,1.31722e-05,1.32236e-05,1.33720e-05,1.36193e-05,1.39764e-05,1.44039e-05,1.48481e-05,1.53043e-05,1.56445e-05,1.58239e-05,1.58244e-05,1.56798e-05,2.36185e-13,2.35941e-13,2.36698e-13,2.35923e-13
2.39227e-13,2.38727e-13,2.38829e-13,2.38862e-13,2.38276e-13,1.87173e-05,1.85235e-05,1.83605e-05,1.82619e-05,1.83398e-05,1.85868e-05,1.89834e-05,1.95684e-05,2.02776e-05,2.10534e-05,2.17580e-05,2.22783e-05,2.25702e-05,2.25864e-05,2.23849e-05,2.39556e-13,2.40115e-13,2.40170e-13,2.39497e-13
2.41814e-13,2.41597e-13,2.41024e-13,2.40650e-13,2.40827e-13,2.61060e-05,2.58199e-05,2.55026e-05,2.52758e-05,2.52654e-05,2.56344e-05,2.62855e-05,2.71981e-05,2.83592e-05,2.95046e-05,3.05742e-05,3.13886e-05,3.18258e-05,3.18630e-05,3.15384e-05,2.42626e-13,2.43323e-13,2.42965e-13,2.42422e-13
2.41389e-13,2.42195e-13,2.40042e-13,2.40582e-13,2.40866e-13,3.61427e-05,3.56550e-05,3.50404e-05,3.45557e-05,3.43845e-05,3.48573e-05,3.57886e-05,3.73248e-05,3.89720e-05,4.07605e-05,4.21935e-05,4.33917e-05,4.39087e-05,4.39745e-05,4.36412e-05,2.43214e-13,2.44004e-13,2.43937e-13,2.42542e-13
2.36660e-13,2.35097e-13,2.34053e-13,2.33090e-13,2.33073e-13,4.91868e-05,4.84225e-05,4.72660e-05,4.62141e-05,4.58871e-05,4.62669e-05,5.27791e-05,6.52217e-05,7.11706e-05,6.19851e-05,5.65884e-05,5.80745e-05,5.86620e-05,5.86501e-05,5.85819e-05,2.39711e-13,2.39967e-13,2.39912e-13,2.38907e-13
2.23308e-13,2.21385e-13,2.18894e-13,2.18079e-13,2.16965e-13,6.45342e-05,6.35775e-05,6.14812e-05,6.00304e-05,6.54636e-05,0.000173436,0.000595320,0.00122962,0.00146611,0.000782829,0.000149260,7.46715e-05,7.52322e-05,7.54096e-05,7.49334e-05,2.27977e-13,2.27936e-13,2.28439e-13,2.25825e-13
2.01273e-13,1.97143e-13,1.94940e-13,1.93090e-13,1.92450e-13,8.20692e-05,8.02901e-05,7.74436e-05,0.000222660,0.00436243,0.0207974,0.0478652,0.0735678,0.0833616,0.0592248,0.0175042,0.000698106,9.33475e-05,9.32341e-05,9.24762e-05,2.08536e-13,2.08641e-13,2.07171e-13,2.04622e-13
1.74189e-13,1.70541e-13,1.67297e-13,1.65134e-13,1.63551e-13,0.000101450,9.88378e-05,0.000100876,0.00915852,0.105065,0.319349,0.561903,0.746190,0.818493,0.666991,0.292953,0.0267825,0.000117488,0.000112376,0.000110472,1.82909e-13,1.82937e-13,1.80935e-13,1.77991e-13
1.47499e-13,1.43503e-13,1.40423e-13,1.37634e-13,1.35687e-13,0.000124300,0.000120374,0.000860297,0.159983,0.951267,2.10095,3.06576,3.68113,3.94159,3.51020,2.03748,0.378524,0.000798183,0.000135544,0.000130763,1.57297e-13,1.56777e-13,1.54999e-13,1.51445e-13
1.23349e-13,1.19417e-13,1.16475e-13,1.13631e-13,1.11080e-13,0.000152927,0.000147255,0.0236558,1.20108,4.42924,7.86353,10.2394,11.5900,12.1625,11.4420,7.92379,2.45237,0.0255680,0.000165813,0.000156004,1.34032e-13,1.33274e-13,1.30977e-13,1.27347e-13
1.03163e-13,9.91750e-14,9.55404e-14,9.29430e-14,9.07632e-14,0.000191120,0.000182525,0.267452,4.82322,13.1742,21.2724,26.6614,29.5641,31.0969,29.9213,22.1987,8.94819,0.338266,0.000208174,0.000188920,1.14307e-13,1.14158e-13,1.11489e-13,1.07587e-13
8.67485e-14,8.21371e-14,7.87488e-14,7.61988e-14,7.43823e-14,0.000254067,0.000237982,1.70216,14.0254,36.4919,60.4596,75.9848,83.7884,88.2785,86.6006,65.7835,26.9833,2.40923,0.000278420,0.000237947,9.78078e-14,9.85323e-14,9.56999e-14,9.16450e-14
7.29908e-14,6.81528e-14,6.44808e-14,6.21308e-14,6.07518e-14,0.000424768,0.000365402,5.12612,34.1914,91.2765,149.228,185.497,203.460,212.984,209.387,165.673,72.0699,7.63042,0.000455199,0.000321949,8.43347e-14,8.54218e-14,8.33469e-14,7.85200e-14
6.14684e-14,5.63945e-14,5.27587e-14,5.06524e-14,4.96101e-14,0.000981319,0.000819649,11.3015,75.5378,187.241,290.730,357.215,390.086,404.991,394.023,321.571,159.085,17.8689,0.00106820,0.000565026,7.25872e-14,7.43077e-14,7.23577e-14,6.73786e-14
5.18626e-14,4.66201e-14,4.31475e-14,4.14231e-14,4.05514e-14,0.00215771,0.00302112,22.5144,140.822,308.951,454.435,553.558,604.034,622.004,596.817,496.162,276.423,37.7251,0.00251582,0.00135968,6.22212e-14,6.44377e-14,6.25194e-14,5.77045e-14
4.36462e-14,3.87706e-14,3.56719e-14,3.39926e-14,3.33284e-14,0.00342273,0.0170124,42.1786,219.860,428.502,605.717,732.001,798.530,814.116,768.146,642.565,395.920,71.2990,0.00422933,0.00300154,5.28600e-14,5.51416e-14,5.38263e-14,4.91450e-14
3.68324e-14,3.27950e-14,2.97197e-14,2.83909e-14,2.78637e-14,0.00413323,0.0989485,72.6032,298.245,525.559,721.474,864.391,942.597,955.333,891.896,742.354,484.759,117.664,0.00551343,0.00462489,4.46715e-14,4.68217e-14,4.56098e-14,4.18727e-14
3.12377e-14,2.77260e-14,2.52393e-14,2.39526e-14,2.35655e-14,0.00453997,0.322753,109.544,367.474,604.815,809.567,969.940,1058.36,1062.59,980.481,810.598,550.715,167.974,0.0108156,0.00556140,3.76978e-14,3.93253e-14,3.83722e-14,3.52435e-14
2.65355e-14,2.36669e-14,2.16425e-14,2.04305e-14,2.00720e-14,0.00474665,0.745382,148.646,425.133,669.372,888.685,1065.80,1164.71,1161.56,1060.53,864.508,596.276,215.832,0.0408727,0.00607193,3.15325e-14,3.28524e-14,3.20838e-14,2.96244e-14
2.25780e-14,2.03258e-14,1.86897e-14,1.76980e-14,1.72947e-14,0.00483335,1.38461,186.365,473.286,727.401,971.907,1171.77,1281.76,1271.79,1143.90,916.500,628.311,257.364,0.145283,0.00630731,2.64595e-14,2.74854e-14,2.67538e-14,2.49897e-14
1.93733e-14,1.76599e-14,1.63056e-14,1.54897e-14,1.51116e-14,0.00484545,2.23138,220.764,515.508,793.444,1068.01,1299.69,1419.73,1389.34,1230.55,972.050,659.162,292.093,0.386393,0.00633866,2.23406e-14,2.30292e-14,2.25076e-14,2.11842e-14
1.68112e-14,1.54836e-14,1.44096e-14,1.36893e-14,1.33715e-14,0.00479262,3.40741,249.376,548.508,857.240,1183.66,1451.66,1572.47,1530.33,1337.07,1042.84,691.706,318.907,0.829648,0.00626471,1.91898e-14,1.96310e-14,1.92225e-14,1.81661e-14
1.47445e-14,1.36898e-14,1.27876e-14,1.22059e-14,1.19662e-14,0.00474822,5.03253,272.163,579.479,930.703,1310.81,1618.65,1751.26,1688.50,1463.32,1124.54,727.303,339.786,1.45174,0.00618901,1.68096e-14,1.71033e-14,1.66951e-14,1.58832e-14
1.31126e-14,1.22081e-14,1.14650e-14,1.10185e-14,1.07955e-14,0.00469804,7.30006,290.540,612.928,1013.24,1451.66,1799.82,1942.21,1866.49,1601.26,1220.54,770.260,357.002,2.27364,0.00611145,1.49589e-14,1.51243e-14,1.47568e-14,1.40451e-14
1.17291e-14,1.09376e-14,1.03329e-14,9.98041e-15,9.76545e-15,0.00463298,10.3568,306.054,650.977,1108.62,1605.78,1997.75,2149.45,2041.04,1750.70,1319.77,818.988,372.197,3.37428,0.00600896,1.33756e-14,1.34900e-14,1.31774e-14,1.25144e-14
1.05682e-14,9.90535e-15,9.36142e-15,9.05255e-15,8.93613e-15,0.00459360,14.2153,320.527,694.888,1207.76,1771.17,2207.17,2355.78,2227.17,1912.90,1431.39,872.981,386.121,4.90537,0.00587883,1.20954e-14,1.21340e-14,1.18335e-14,1.12252e-14
9.61233e-15,9.02500e-15,8.58364e-15,8.29910e-15,8.20459e-15,0.00450441,19.1491,334.619,747.431,1323.37,1944.62,2397.58,2561.28,2421.91,2068.96,1549.58,934.369,398.348,7.10193,0.00577767,1.09486e-14,1.10130e-14,1.07217e-14,1.01671e-14
8.73309e-15,8.24369e-15,7.86374e-15,7.63921e-15,7.56066e-15,0.00443604,24.8053,348.609,802.329,1452.23,2120.63,2601.85,2754.45,2602.56,2226.57,1671.83,1000.58,412.687,10.0499,0.00566401,9.98320e-15,1.00139e-14,9.70257e-15,9.23944e-15
7.99359e-15,7.57493e-15,7.23356e-15,7.05679e-15,6.99035e-15,0.00437048,31.0268,364.020,867.027,1579.11,2297.14,2793.48,2944.35,2776.01,2381.88,1790.14,1071.04,429.098,13.7860,0.00553737,9.13272e-15,9.12941e-15,8.86972e-15,8.45814e-15
7.35012e-15,6.97497e-15,6.69237e-15,6.52401e-15,6.48040e-15,0.00430478,37.6875,381.548,935.931,1709.11,2467.73,2976.50,3121.46,2935.21,2528.24,1914.97,1145.61,447.361,18.2587,0.00541224,8.38928e-15,8.36386e-15,8.12661e-15,7.76159e-15
6.77141e-15,6.44569e-15,6.19928e-15,6.04951e-15,6.02911e-15,0.00423323,44.5251,400.229,1008.81,1838.45,2628.74,3144.27,3281.69,3091.69,2659.17,2034.39,1222.53,466.752,23.4581,0.00529268,7.73162e-15,7.68681e-15,7.47183e-15,7.13784e-15
6.25833e-15,5.96826e-15,5.76305e-15,5.64562e-15,5.62242e-15,0.00416339,51.4474,421.985,1088.10,1969.07,2778.40,3289.76,3419.61,3223.78,2785.34,2145.08,1302.14,490.060,29.1951,0.00517355,7.12962e-15,7.10014e-15,6.89676e-15,6.59544e-15
5.80686e-15,5.53708e-15,5.35973e-15,5.26969e-15,5.25815e-15,0.00408776,58.2182,445.904,1170.56,2098.98,2914.67,3417.59,3539.67,3336.53,2899.86,2252.66,1380.24,514.793,35.2229,0.00506701,6.61211e-15,6.57493e-15,6.38221e-15,6.11309e-15
5.39856e-15,5.16789e-15,5.00314e-15,4.91910e-15,4.91395e-15,0.00401844,64.7554,472.785,1254.07,2218.20,3038.88,3532.66,3644.37,3434.26,3000.40,2353.20,1459.57,541.612,41.4090,0.00494093,6.13050e-15,6.10011e-15,5.91683e-15,5.67282e-15
5.03228e-15,4.81988e-15,4.67437e-15,4.59148e-15,4.59942e-15,0.00394562,71.0135,501.167,1337.85,2334.03,3148.81,3631.67,3733.47,3524.71,3087.92,2441.81,1539.77,570.425,47.6363,0.00482657,5.70169e-15,5.66473e-15,5.50161e-15,5.26249e-15
4.68831e-15,4.49590e-15,4.38154e-15,4.31657e-15,4.31950e-15,0.00387674,76.7676,532.042,1423.02,2439.57,3241.39,3714.03,3799.97,3608.33,3169.02,2524.21,1610.18,600.395,53.7013,0.00472694,5.31935e-15,5.27355e-15,5.12009e-15,4.90505e-15
4.38416e-15,4.20373e-15,4.09955e-15,4.05325e-15,4.06694e-15,0.00381317,82.1960,566.097,1501.34,2542.40,3334.34,3764.37,3856.57,3648.62,3235.75,2607.03,1682.94,632.330,59.5987,0.00461831,4.97418e-15,4.92354e-15,4.77499e-15,4.57130e-15
4.10499e-15,3.95026e-15,3.84872e-15,3.80473e-15,3.82747e-15,0.00374484,87.0231,601.434,1586.21,2628.51,3397.47,3815.22,3896.76,3690.26,3284.07,2666.41,1752.91,667.307,64.9540,0.00449930,4.63975e-15,4.59185e-15,4.46809e-15,4.27366e-15
3.84601e-15,3.70570e-15,3.62193e-15,3.58067e-15,3.61133e-15,0.00366516,91.4374,639.755,1664.39,2697.97,3441.49,3848.79,3920.01,3720.55,3331.02,2726.51,1815.45,703.472,70.0008,0.00439291,4.34086e-15,4.30093e-15,4.17809e-15,4.01115e-15
3.59672e-15,3.48685e-15,3.40861e-15,3.37005e-15,3.39383e-15,0.00360199,95.8844,680.584,1741.52,2770.27,3482.20,3856.44,3929.80,3732.84,3360.40,2772.73,1878.09,741.044,74.6407,0.00429488,4.06383e-15,4.02248e-15,3.90865e-15,3.76036e-15
3.37921e-15,3.27146e-15,3.19373e-15,3.19291e-15,3.20108e-15,0.00352975,99.9890,720.805,1802.74,2822.79,3512.81,3855.90,3925.80,3731.21,3388.98,2804.68,1930.96,774.146,78.7507,0.00419970,3.82712e-15,3.76602e-15,3.67560e-15,3.51041e-15
3.17936e-15,3.07781e-15,3.01816e-15,2.99661e-15,3.02988e-15,0.00345657,103.414,760.809,1872.64,2872.63,3526.15,3847.24,3906.25,3739.24,3394.78,2844.94,1977.37,811.185,82.7691,0.00408400,3.58753e-15,3.54907e-15,3.43952e-15,3.29872e-15
2.98785e-15,2.90813e-15,2.84701e-15,2.82897e-15,2.85918e-15,0.00338342,106.875,801.753,1932.25,2901.42,3516.21,3833.54,3871.03,3727.80,3390.32,2868.59,2023.35,846.637,86.1095,0.00399838,3.36698e-15,3.33801e-15,3.22898e-15,3.11584e-15
2.81878e-15,2.73891e-15,2.67970e-15,2.68515e-15,2.70840e-15,0.00331442,109.961,844.440,1979.76,2925.60,3498.89,3808.17,3837.96,3691.69,3372.29,2875.00,2065.87,886.311,89.0711,0.00390262,3.17030e-15,3.13849e-15,3.04028e-15,2.93797e-15
2.66208e-15,2.58768e-15,2.52958e-15,2.52493e-15,2.56313e-15,0.00325673,113.617,885.385,2032.67,2950.35,3482.94,3755.25,3799.23,3652.68,3357.62,2893.23,2094.55,921.246,92.3645,0.00381154,2.98653e-15,2.95303e-15,2.86220e-15,2.76709e-15
2.50818e-15,2.43979e-15,2.38650e-15,2.38808e-15,2.41973e-15,0.00318456,117.825,932.363,2074.47,2956.54,3454.16,3699.81,3744.33,3633.57,3352.17,2899.32,2117.72,954.934,94.7033,0.00371336,2.81662e-15,2.78684e-15,2.70797e-15,2.61162e-15
2.36232e-15,2.29575e-15,2.26637e-15,2.26206e-15,2.28944e-15,0.00311816,121.250,970.284,2103.79,2949.45,3427.29,3657.40,3694.77,3576.73,3304.63,2878.98,2141.77,990.802,97.6408,0.00362143,2.66290e-15,2.61791e-15,2.53860e-15,2.44309e-15
2.23325e-15,2.17739e-15,2.14450e-15,2.14169e-15,2.16839e-15,0.00303924,125.247,1006.49,2130.73,2950.19,3381.77,3611.69,3637.65,3530.80,3269.64,2865.89,2154.81,1022.75,100.199,0.00354218,2.50941e-15,2.46933e-15,2.39310e-15,2.30279e-15
2.11042e-15,2.05810e-15,2.02866e-15,2.02808e-15,2.05391e-15,0.00298026,129.277,1047.28,2146.00,2924.77,3332.92,3539.49,3572.97,3465.69,3229.75,2853.99,2168.87,1053.38,102.885,0.00346162,2.37679e-15,2.33368e-15,2.25984e-15,2.18032e-15
1.99350e-15,1.94536e-15,1.91965e-15,1.92094e-15,1.94514e-15,0.00290964,133.829,1080.70,2161.11,2906.70,3279.96,3471.63,3503.39,3405.72,3184.73,2830.90,2175.23,1081.73,105.605,0.00337907,2.24691e-15,2.20364e-15,2.13234e-15,2.05872e-15
1.88499e-15,1.83911e-15,1.81873e-15,1.81869e-15,1.84278e-15,0.00284239,138.823,1112.90,2169.64,2879.87,3222.21,3396.81,3428.91,3338.27,3133.58,2804.26,2176.99,1108.87,108.481,0.00329632,2.12392e-15,2.08174e-15,2.01375e-15,1.94322e-15
1.78361e-15,1.74173e-15,1.72097e-15,1.72332e-15,1.74695e-15,0.00277404,143.969,1142.56,2171.56,2844.44,3158.68,3321.87,3352.38,3273.01,3083.19,2773.31,2173.84,1132.76,111.394,0.00321793,2.01060e-15,1.96671e-15,1.90272e-15,1.83810e-15
1.68649e-15,1.64996e-15,1.63048e-15,1.63278e-15,1.65482e-15,0.00270767,149.493,1168.27,2168.34,2806.33,3091.28,3242.43,3270.79,3202.01,3024.96,2736.72,2165.13,1154.67,114.561,0.00314042,1.90196e-15,1.85875e-15,1.79916e-15,1.73612e-15
1.59458e-15,1.56128e-15,1.54491e-15,1.54725e-15,1.56820e-15,0.00264060,155.434,1190.77,2157.42,2764.09,3021.89,3161.20,3190.85,3128.32,2965.81,2700.12,2154.42,1173.65,117.952,0.00306355,1.80138e-15,1.75851e-15,1.70131e-15,1.64172e-15
1.50947e-15,1.47832e-15,1.46456e-15,1.46599e-15,1.48669e-15,0.00257376,161.628,1209.90,2143.34,2716.67,2949.03,3078.14,3111.12,3053.71,2904.13,2659.15,2139.23,1190.04,121.494,0.00298893,1.70483e-15,1.66325e-15,1.60968e-15,1.55233e-15
1.42952e-15,1.40248e-15,1.38791e-15,1.38955e-15,1.40865e-15,0.00250755,168.231,1226.05,2124.07,2667.91,2872.58,2995.74,3028.40,2978.32,2841.71,2613.86,2121.74,1204.33,125.420,0.00291784,1.61560e-15,1.57420e-15,1.52230e-15,1.46911e-15
1.35267e-15,1.32677e-15,1.31528e-15,1.31837e-15,1.33720e-15,0.00244127,175.360,1238.81,2100.38,2614.80,2799.56,2910.46,2941.61,2903.37,2776.55,2565.83,2098.92,1217.64,129.283,0.00284146,1.53018e-15,1.49006e-15,1.43949e-15,1.39055e-15
1.28150e-15,1.25697e-15,1.24603e-15,1.24905e-15,1.26664e-15,0.00237786,182.436,1247.89,2073.04,2560.86,2719.69,2828.93,2859.60,2824.91,2708.65,2519.07,2075.33,1225.90,133.702,0.00277100,1.45269e-15,1.41143e-15,1.36211e-15,1.31679e-15
1.21233e-15,1.19206e-15,1.18097e-15,1.18456e-15,1.20022e-15,0.00231445,190.024,1252.06,2041.44,2505.83,2643.85,2742.27,2776.50,2748.34,2640.48,2468.34,2048.02,1232.22,138.278,0.00270460,1.37553e-15,1.33644e-15,1.28831e-15,1.24512e-15
1.14866e-15,1.12834e-15,1.12038e-15,1.12371e-15,1.13833e-15,0.00225416,197.838,1252.94,2006.33,2442.36,2564.79,2657.84,2695.22,2670.55,2570.55,2414.29,2017.75,1235.38,143.048,0.00263914,1.30396e-15,1.26538e-15,1.22088e-15,1.17818e-15
1.08639e-15,1.06858e-15,1.06014e-15,1.06498e-15,1.07835e-15,0.00219379,205.546,1251.12,1966.79,2376.57,2485.86,2570.82,2610.04,2592.17,2505.48,2362.07,1990.09,1238.54,148.083,0.00257800,1.23608e-15,1.19922e-15,1.15534e-15,1.11566e-15
1.03048e-15,1.01312e-15,1.00706e-15,1.01042e-15,1.02224e-15,0.00214910,214.332,1246.06,1929.24,2313.42,2411.46,2489.03,2529.13,2516.96,2438.41,2310.75,1956.67,1239.75,154.098,0.00252693,1.17428e-15,1.13849e-15,1.09369e-15,1.05819e-15
9.76113e-16,9.59615e-16,9.54945e-16,9.56947e-16,9.67760e-16,0.00210716,222.895,1238.34,1888.87,2248.81,2335.69,2407.53,2448.61,2441.06,2371.73,2258.25,1922.53,1238.76,160.034,0.00247443,1.11442e-15,1.07880e-15,1.03454e-15,1.00174e-15
9.24835e-16,9.10040e-16,9.04740e-16,9.05657e-16,9.16542e-16,0.00207072,231.012,1225.32,1842.88,2181.28,2257.18,2326.62,2368.85,2363.77,2305.84,2203.39,1886.96,1233.39,165.812,0.00241906,1.05845e-15,1.02115e-15,9.80376e-16,9.47316e-16
8.76514e-16,8.63480e-16,8.57579e-16,8.58654e-16,8.69422e-16,0.00205281,239.146,1209.38,1795.90,2114.33,2181.80,2249.15,2290.42,2289.37,2237.16,2147.65,1849.77,1226.30,171.750,0.00237198,1.00500e-15,9.67735e-16,9.29674e-16,8.96717e-16
8.29672e-16,8.18429e-16,8.11940e-16,8.13796e-16,8.24354e-16,0.00204417,247.287,1191.97,1748.42,2047.69,2107.99,2173.40,2212.65,2216.40,2167.08,2091.47,1811.78,1218.33,177.768,0.00232906,9.52829e-16,9.16439e-16,8.80705e-16,8.48029e-16
7.87868e-16,7.75932e-16,7.69361e-16,7.71930e-16,7.81614e-16,0.00210122,254.869,1169.86,1690.74,1982.03,2032.15,2093.05,2133.61,2141.95,2103.12,2037.45,1771.85,1208.12,184.160,0.00229991,9.05721e-16,8.70108e-16,8.34624e-16,8.04287e-16
7.46361e-16,7.34616e-16,7.28682e-16,7.31220e-16,7.40110e-16,0.00219176,262.169,1147.01,1634.44,1915.76,1957.85,2016.46,2056.70,2069.84,2038.43,1983.90,1731.51,1197.30,190.468,0.00227967,8.59950e-16,8.24905e-16,7.89660e-16,7.61530e-16
7.05449e-16,6.95658e-16,6.91801e-16,6.92819e-16,7.01078e-16,0.00234923,268.907,1122.69,1580.89,1848.30,1886.65,1947.36,1984.04,2002.44,1972.31,1931.30,1690.33,1185.28,196.607,0.00227724,8.16849e-16,7.81958e-16,7.46927e-16,7.20741e-16
6.68878e-16,6.59357e-16,6.56161e-16,6.56762e-16,6.62788e-16,0.00263487,275.352,1095.99,1523.71,1781.61,1818.30,1874.35,1914.00,1934.20,1907.84,1877.02,1650.15,1170.91,202.743,0.00230653,7.75976e-16,7.41562e-16,7.08498e-16,6.82827e-16
6.34479e-16,6.24385e-16,6.21140e-16,6.21879e-16,6.24868e-16,0.00298466,281.650,1068.11,1464.73,1715.30,1751.36,1799.39,1845.27,1865.54,1844.19,1821.88,1610.46,1155.37,208.878,0.00235171,7.36218e-16,7.02442e-16,6.72224e-16,6.46352e-16
5.99976e-16,5.91998e-16,5.88698e-16,5.89942e-16,5.93680e-16,0.00362847,286.489,1035.45,1407.76,1647.12,1684.62,1735.19,1778.14,1801.98,1786.01,1770.29,1568.83,1136.37,215.329,0.00247288,6.99502e-16,6.65788e-16,6.35306e-16,6.11939e-16
5.67167e-16,5.60445e-16,5.57090e-16,5.58705e-16,5.62532e-16,0.00443543,290.736,1004.01,1350.21,1580.62,1618.33,1669.95,1711.63,1737.49,1726.51,1719.20,1527.26,1117.99,221.479,0.00262875,6.64343e-16,6.30687e-16,6.00077e-16,5.79225e-16
5.37743e-16,5.30561e-16,5.27148e-16,5.28870e-16,5.31460e-16,0.00556844,293.802,975.012,1291.53,1517.44,1552.95,1602.61,1646.38,1671.17,1664.39,1669.11,1485.80,1100.85,227.025,0.00285397,6.32300e-16,5.98692e-16,5.68223e-16,5.49904e-16
5.10172e-16,5.02780e-16,4.99308e-16,4.99778e-16,5.02140e-16,0.00716820,296.704,942.951,1236.87,1455.90,1489.34,1537.94,1583.86,1610.08,1607.79,1617.14,1445.23,1081.08,232.847,0.00319085,6.00489e-16,5.68521e-16,5.38419e-16,5.20859e-16
4.83528e-16,4.76051e-16,4.72520e-16,4.71059e-16,4.73696e-16,0.00900152,299.524,909.356,1184.23,1395.17,1426.63,1474.60,1522.69,1551.62,1553.97,1564.23,1405.10,1060.00,238.807,0.00358361,5.68793e-16,5.39263e-16,5.09642e-16,4.91953e-16
4.57607e-16,4.52762e-16,4.49170e-16,4.47737e-16,4.48532e-16,0.0119692,301.139,875.383,1129.81,1337.73,1369.61,1415.71,1460.07,1493.29,1498.33,1514.43,1366.62,1039.43,244.062,0.00422963,5.40887e-16,5.11389e-16,4.83890e-16,4.66402e-16
4.32601e-16,4.29309e-16,4.25821e-16,4.24431e-16,4.24152e-16,0.0154221,302.037,841.931,1076.66,1280.14,1314.47,1357.23,1399.47,1436.62,1442.85,1466.00,1327.78,1017.97,248.975,0.00500343,5.13362e-16,4.84711e-16,4.58545e-16,4.41147e-16
4.09422e-16,4.05528e-16,4.02471e-16,4.01155e-16,4.01342e-16,0.0198446,301.502,809.521,1026.06,1222.24,1263.11,1299.54,1342.92,1383.29,1387.68,1420.29,1288.21,994.758,253.204,0.00603256,4.86600e-16,4.60425e-16,4.34016e-16,4.16485e-16
3.87810e-16,3.83668e-16,3.80888e-16,3.79273e-16,3.79738e-16,0.0257719,300.383,777.041,975.357,1164.52,1207.85,1246.28,1291.25,1330.61,1336.63,1372.85,1247.02,969.854,257.566,0.00738364,4.62134e-16,4.36651e-16,4.11414e-16,3.94738e-16
3.66982e-16,3.62769e-16,3.60189e-16,3.58088e-16,3.58739e-16,0.0324521,298.972,744.526,924.592,1106.90,1150.64,1195.23,1242.03,1278.25,1287.64,1324.54,1205.03,944.104,261.996,0.00889582,4.38816e-16,4.13134e-16,3.89776e-16,3.74451e-16
3.47699e-16,3.43960e-16,3.41334e-16,3.38981e-16,3.39229e-16,0.0419363,296.224,712.442,878.843,1055.49,1102.80,1145.66,1188.41,1227.46,1239.14,1276.61,1162.10,920.615,264.149,0.0111561,4.18132e-16,3.92195e-16,3.69370e-16,3.54453e-16
3.28987e-16,3.25558e-16,3.22973e-16,3.20442e-16,3.20279e-16,0.0525644,293.088,680.809,833.847,1004.85,1055.35,1096.78,1137.57,1177.38,1191.54,1228.98,1119.27,895.380,266.419,0.0137430,3.97748e-16,3.71717e-16,3.49529e-16,3.35191e-16
3.11418e-16,3.07969e-16,3.05599e-16,3.03038e-16,3.02448e-16,0.0654786,289.173,650.076,790.355,955.733,1008.71,1049.30,1092.29,1128.74,1145.73,1181.95,1076.64,866.655,268.926,0.0169828,3.77964e-16,3.52160e-16,3.30817e-16,3.17402e-16
2.94891e-16,2.91594e-16,2.89269e-16,2.86686e-16,2.85792e-16,0.0810258,284.474,619.553,748.758,908.193,963.689,1003.51,1047.32,1083.68,1101.58,1137.11,1037.80,839.491,270.754,0.0210516,3.59195e-16,3.33987e-16,3.13146e-16,3.00477e-16
2.78886e-16,2.75826e-16,2.73462e-16,2.70860e-16,2.69725e-16,0.0978905,279.382,589.133,708.109,861.444,919.474,958.568,1002.51,1040.42,1058.24,1093.36,1000.84,813.107,272.244,0.0255353,3.40934e-16,3.16506e-16,2.95997e-16,2.83983e-16
